method,split,subtype,precision,recall,f1,support
image_statistics_logreg,val,colour_fundus,1.0,1.0,1.0,40
image_statistics_logreg,val,oct_screenshot,0.975,0.975,0.975,40
image_statistics_logreg,val,text_watermark,0.5555555555555556,0.5,0.5263157894736842,30
image_statistics_logreg,val,rectangle_annotation,0.8064516129032258,0.8333333333333334,0.819672131147541,30
image_statistics_logreg,val,arrow_annotation,0.8333333333333334,0.8333333333333334,0.8333333333333334,30
image_statistics_logreg,val,composite_layout,0.967741935483871,1.0,0.9836065573770492,30
image_statistics_logreg,val,blur_artifact,0.875,0.9333333333333333,0.9032258064516129,30
image_statistics_logreg,val,border_crop,0.9666666666666667,0.9666666666666667,0.9666666666666667,30
image_statistics_logreg,val,gaussian_noise,0.9032258064516129,0.9333333333333333,0.9180327868852459,30
image_statistics_logreg,val,jpeg_compression,0.5517241379310345,0.5333333333333333,0.5423728813559322,30
image_statistics_logreg,val,cifar10_natural,1.0,0.99,0.9949748743718593,100
image_statistics_logreg,test,colour_fundus,1.0,1.0,1.0,40
image_statistics_logreg,test,oct_screenshot,0.975609756097561,1.0,0.9876543209876543,40
image_statistics_logreg,test,text_watermark,0.6666666666666666,0.7333333333333333,0.6984126984126984,30
image_statistics_logreg,test,rectangle_annotation,0.8823529411764706,1.0,0.9375,30
image_statistics_logreg,test,arrow_annotation,0.9032258064516129,0.9333333333333333,0.9180327868852459,30
image_statistics_logreg,test,composite_layout,0.9354838709677419,0.9666666666666667,0.9508196721311476,30
image_statistics_logreg,test,blur_artifact,0.8387096774193549,0.8666666666666667,0.8524590163934426,30
image_statistics_logreg,test,border_crop,0.9655172413793104,0.9333333333333333,0.9491525423728815,30
image_statistics_logreg,test,gaussian_noise,0.9642857142857143,0.9,0.9310344827586207,30
image_statistics_logreg,test,jpeg_compression,0.52,0.43333333333333335,0.4727272727272728,30
image_statistics_logreg,test,cifar10_natural,1.0,0.97,0.9847715736040609,100
global_feature_knn,val,colour_fundus,0.975609756097561,1.0,0.9876543209876543,40
global_feature_knn,val,oct_screenshot,0.975609756097561,1.0,0.9876543209876543,40
global_feature_knn,val,text_watermark,0.0,0.0,0.0,30
global_feature_knn,val,rectangle_annotation,0.0,0.0,0.0,30
global_feature_knn,val,arrow_annotation,0.041666666666666664,0.03333333333333333,0.037037037037037035,30
global_feature_knn,val,composite_layout,1.0,1.0,1.0,30
global_feature_knn,val,blur_artifact,0.08064516129032258,0.16666666666666666,0.10869565217391303,30
global_feature_knn,val,border_crop,1.0,1.0,1.0,30
global_feature_knn,val,gaussian_noise,0.1702127659574468,0.26666666666666666,0.20779220779220778,30
global_feature_knn,val,jpeg_compression,0.0,0.0,0.0,30
global_feature_knn,val,cifar10_natural,1.0,0.9,0.9473684210526316,100
global_feature_knn,test,colour_fundus,0.9090909090909091,1.0,0.9523809523809523,40
global_feature_knn,test,oct_screenshot,1.0,1.0,1.0,40
global_feature_knn,test,text_watermark,0.09090909090909091,0.06666666666666667,0.07692307692307691,30
global_feature_knn,test,rectangle_annotation,0.0,0.0,0.0,30
global_feature_knn,test,arrow_annotation,0.0,0.0,0.0,30
global_feature_knn,test,composite_layout,1.0,1.0,1.0,30
global_feature_knn,test,blur_artifact,0.029850746268656716,0.06666666666666667,0.041237113402061855,30
global_feature_knn,test,border_crop,1.0,0.9666666666666667,0.983050847457627,30
global_feature_knn,test,gaussian_noise,0.1282051282051282,0.16666666666666666,0.14492753623188406,30
global_feature_knn,test,jpeg_compression,0.0,0.0,0.0,30
global_feature_knn,test,cifar10_natural,1.0,0.91,0.9528795811518325,100
nearest_centroid,val,colour_fundus,0.5633802816901409,1.0,0.7207207207207207,40
nearest_centroid,val,oct_screenshot,1.0,1.0,1.0,40
nearest_centroid,val,text_watermark,0.11764705882352941,0.06666666666666667,0.0851063829787234,30
nearest_centroid,val,rectangle_annotation,0.11764705882352941,0.06666666666666667,0.0851063829787234,30
nearest_centroid,val,arrow_annotation,0.10810810810810811,0.13333333333333333,0.11940298507462686,30
nearest_centroid,val,composite_layout,0.8709677419354839,0.9,0.8852459016393444,30
nearest_centroid,val,blur_artifact,0.14285714285714285,0.23333333333333334,0.17721518987341772,30
nearest_centroid,val,border_crop,0.421875,0.9,0.574468085106383,30
nearest_centroid,val,gaussian_noise,0.18181818181818182,0.06666666666666667,0.0975609756097561,30
nearest_centroid,val,jpeg_compression,0.2,0.03333333333333333,0.05714285714285715,30
nearest_centroid,val,cifar10_natural,1.0,0.78,0.8764044943820225,100
nearest_centroid,test,colour_fundus,0.44155844155844154,0.85,0.5811965811965811,40
nearest_centroid,test,oct_screenshot,1.0,1.0,1.0,40
nearest_centroid,test,text_watermark,0.0,0.0,0.0,30
nearest_centroid,test,rectangle_annotation,0.07692307692307693,0.03333333333333333,0.046511627906976744,30
nearest_centroid,test,arrow_annotation,0.1568627450980392,0.26666666666666666,0.19753086419753085,30
nearest_centroid,test,composite_layout,0.9655172413793104,0.9333333333333333,0.9491525423728815,30
nearest_centroid,test,blur_artifact,0.16326530612244897,0.26666666666666666,0.20253164556962022,30
nearest_centroid,test,border_crop,0.45098039215686275,0.7666666666666667,0.5679012345679013,30
nearest_centroid,test,gaussian_noise,0.1111111111111111,0.03333333333333333,0.05128205128205128,30
nearest_centroid,test,jpeg_compression,0.125,0.03333333333333333,0.052631578947368425,30
nearest_centroid,test,cifar10_natural,0.9880952380952381,0.83,0.9021739130434783,100
logistic_regression,val,colour_fundus,1.0,1.0,1.0,40
logistic_regression,val,oct_screenshot,1.0,1.0,1.0,40
logistic_regression,val,text_watermark,0.12121212121212122,0.13333333333333333,0.126984126984127,30
logistic_regression,val,rectangle_annotation,0.32142857142857145,0.3,0.3103448275862069,30
logistic_regression,val,arrow_annotation,0.3333333333333333,0.13333333333333333,0.19047619047619044,30
logistic_regression,val,composite_layout,1.0,1.0,1.0,30
logistic_regression,val,blur_artifact,0.10810810810810811,0.13333333333333333,0.11940298507462686,30
logistic_regression,val,border_crop,1.0,1.0,1.0,30
logistic_regression,val,gaussian_noise,0.717948717948718,0.9333333333333333,0.8115942028985509,30
logistic_regression,val,jpeg_compression,0.10810810810810811,0.13333333333333333,0.11940298507462686,30
logistic_regression,val,cifar10_natural,1.0,0.94,0.9690721649484536,100
logistic_regression,test,colour_fundus,1.0,1.0,1.0,40
logistic_regression,test,oct_screenshot,0.975609756097561,1.0,0.9876543209876543,40
logistic_regression,test,text_watermark,0.08108108108108109,0.1,0.08955223880597014,30
logistic_regression,test,rectangle_annotation,0.7142857142857143,0.3333333333333333,0.4545454545454545,30
logistic_regression,test,arrow_annotation,0.6666666666666666,0.26666666666666666,0.3809523809523809,30
logistic_regression,test,composite_layout,1.0,1.0,1.0,30
logistic_regression,test,blur_artifact,0.09803921568627451,0.16666666666666666,0.12345679012345677,30
logistic_regression,test,border_crop,1.0,1.0,1.0,30
logistic_regression,test,gaussian_noise,0.7142857142857143,1.0,0.8333333333333333,30
logistic_regression,test,jpeg_compression,0.1,0.1,0.10000000000000002,30
logistic_regression,test,cifar10_natural,1.0,0.93,0.9637305699481865,100
linear_svm,val,colour_fundus,0.975609756097561,1.0,0.9876543209876543,40
linear_svm,val,oct_screenshot,1.0,1.0,1.0,40
linear_svm,val,text_watermark,0.13636363636363635,0.2,0.16216216216216214,30
linear_svm,val,rectangle_annotation,0.42857142857142855,0.3,0.3529411764705882,30
linear_svm,val,arrow_annotation,0.0,0.0,0.0,30
linear_svm,val,composite_layout,1.0,1.0,1.0,30
linear_svm,val,blur_artifact,0.075,0.1,0.08571428571428572,30
linear_svm,val,border_crop,0.9666666666666667,0.9666666666666667,0.9666666666666667,30
linear_svm,val,gaussian_noise,0.45454545454545453,0.6666666666666666,0.5405405405405405,30
linear_svm,val,jpeg_compression,0.0,0.0,0.0,30
linear_svm,val,cifar10_natural,0.989247311827957,0.92,0.9533678756476685,100
linear_svm,test,colour_fundus,1.0,1.0,1.0,40
linear_svm,test,oct_screenshot,0.975609756097561,1.0,0.9876543209876543,40
linear_svm,test,text_watermark,0.06976744186046512,0.1,0.08219178082191782,30
linear_svm,test,rectangle_annotation,0.5833333333333334,0.23333333333333334,0.33333333333333337,30
linear_svm,test,arrow_annotation,0.6923076923076923,0.3,0.41860465116279066,30
linear_svm,test,composite_layout,1.0,1.0,1.0,30
linear_svm,test,blur_artifact,0.05555555555555555,0.1,0.07142857142857142,30
linear_svm,test,border_crop,0.9666666666666667,0.9666666666666667,0.9666666666666667,30
linear_svm,test,gaussian_noise,0.6333333333333333,0.6333333333333333,0.6333333333333333,30
linear_svm,test,jpeg_compression,0.030303030303030304,0.03333333333333333,0.03174603174603175,30
linear_svm,test,cifar10_natural,0.9893617021276596,0.93,0.9587628865979382,100
random_forest_or_gradient_boosting,val,colour_fundus,1.0,1.0,1.0,40
random_forest_or_gradient_boosting,val,oct_screenshot,1.0,0.975,0.9873417721518987,40
random_forest_or_gradient_boosting,val,text_watermark,0.03571428571428571,0.06666666666666667,0.046511627906976744,30
random_forest_or_gradient_boosting,val,rectangle_annotation,0.1875,0.1,0.13043478260869568,30
random_forest_or_gradient_boosting,val,arrow_annotation,0.045454545454545456,0.03333333333333333,0.03846153846153846,30
random_forest_or_gradient_boosting,val,composite_layout,1.0,1.0,1.0,30
random_forest_or_gradient_boosting,val,blur_artifact,0.0,0.0,0.0,30
random_forest_or_gradient_boosting,val,border_crop,1.0,1.0,1.0,30
random_forest_or_gradient_boosting,val,gaussian_noise,0.967741935483871,1.0,0.9836065573770492,30
random_forest_or_gradient_boosting,val,jpeg_compression,1.0,1.0,1.0,30
random_forest_or_gradient_boosting,val,cifar10_natural,0.99,0.99,0.99,100
random_forest_or_gradient_boosting,test,colour_fundus,1.0,1.0,1.0,40
random_forest_or_gradient_boosting,test,oct_screenshot,0.9523809523809523,1.0,0.975609756097561,40
random_forest_or_gradient_boosting,test,text_watermark,0.0,0.0,0.0,30
random_forest_or_gradient_boosting,test,rectangle_annotation,0.5,0.3,0.37499999999999994,30
random_forest_or_gradient_boosting,test,arrow_annotation,0.09090909090909091,0.03333333333333333,0.04878048780487805,30
random_forest_or_gradient_boosting,test,composite_layout,1.0,1.0,1.0,30
random_forest_or_gradient_boosting,test,blur_artifact,0.06,0.1,0.075,30
random_forest_or_gradient_boosting,test,border_crop,1.0,1.0,1.0,30
random_forest_or_gradient_boosting,test,gaussian_noise,1.0,1.0,1.0,30
random_forest_or_gradient_boosting,test,jpeg_compression,1.0,1.0,1.0,30
random_forest_or_gradient_boosting,test,cifar10_natural,1.0,0.98,0.98989898989899,100
feature_statistics_fusion,val,colour_fundus,1.0,1.0,1.0,40
feature_statistics_fusion,val,oct_screenshot,1.0,1.0,1.0,40
feature_statistics_fusion,val,text_watermark,0.5555555555555556,0.5,0.5263157894736842,30
feature_statistics_fusion,val,rectangle_annotation,0.4634146341463415,0.6333333333333333,0.5352112676056339,30
feature_statistics_fusion,val,arrow_annotation,0.47368421052631576,0.3,0.3673469387755102,30
feature_statistics_fusion,val,composite_layout,1.0,1.0,1.0,30
feature_statistics_fusion,val,blur_artifact,0.8125,0.8666666666666667,0.8387096774193549,30
feature_statistics_fusion,val,border_crop,1.0,1.0,1.0,30
feature_statistics_fusion,val,gaussian_noise,0.8484848484848485,0.9333333333333333,0.888888888888889,30
feature_statistics_fusion,val,jpeg_compression,0.375,0.4,0.38709677419354843,30
feature_statistics_fusion,val,cifar10_natural,1.0,0.96,0.9795918367346939,100
feature_statistics_fusion,test,colour_fundus,1.0,1.0,1.0,40
feature_statistics_fusion,test,oct_screenshot,0.975609756097561,1.0,0.9876543209876543,40
feature_statistics_fusion,test,text_watermark,0.5,0.5666666666666667,0.53125,30
feature_statistics_fusion,test,rectangle_annotation,0.696969696969697,0.7666666666666667,0.7301587301587302,30
feature_statistics_fusion,test,arrow_annotation,0.7083333333333334,0.5666666666666667,0.6296296296296297,30
feature_statistics_fusion,test,composite_layout,1.0,1.0,1.0,30
feature_statistics_fusion,test,blur_artifact,0.8518518518518519,0.7666666666666667,0.8070175438596491,30
feature_statistics_fusion,test,border_crop,1.0,1.0,1.0,30
feature_statistics_fusion,test,gaussian_noise,0.9333333333333333,0.9333333333333333,0.9333333333333333,30
feature_statistics_fusion,test,jpeg_compression,0.3235294117647059,0.36666666666666664,0.34375,30
feature_statistics_fusion,test,cifar10_natural,1.0,0.97,0.9847715736040609,100
hierarchical_classifier,val,colour_fundus,1.0,1.0,1.0,40
hierarchical_classifier,val,oct_screenshot,0.9523809523809523,1.0,0.975609756097561,40
hierarchical_classifier,val,text_watermark,0.7666666666666667,0.7666666666666667,0.7666666666666667,30
hierarchical_classifier,val,rectangle_annotation,0.6153846153846154,0.8,0.6956521739130435,30
hierarchical_classifier,val,arrow_annotation,0.8235294117647058,0.4666666666666667,0.5957446808510638,30
hierarchical_classifier,val,composite_layout,1.0,1.0,1.0,30
hierarchical_classifier,val,blur_artifact,0.9285714285714286,0.8666666666666667,0.896551724137931,30
hierarchical_classifier,val,border_crop,1.0,1.0,1.0,30
hierarchical_classifier,val,gaussian_noise,0.8787878787878788,0.9666666666666667,0.9206349206349207,30
hierarchical_classifier,val,jpeg_compression,0.6571428571428571,0.7666666666666667,0.7076923076923077,30
hierarchical_classifier,val,cifar10_natural,1.0,0.96,0.9795918367346939,100
hierarchical_classifier,test,colour_fundus,1.0,1.0,1.0,40
hierarchical_classifier,test,oct_screenshot,0.975609756097561,1.0,0.9876543209876543,40
hierarchical_classifier,test,text_watermark,0.8064516129032258,0.8333333333333334,0.819672131147541,30
hierarchical_classifier,test,rectangle_annotation,0.75,0.7,0.7241379310344827,30
hierarchical_classifier,test,arrow_annotation,0.8275862068965517,0.8,0.8135593220338982,30
hierarchical_classifier,test,composite_layout,1.0,1.0,1.0,30
hierarchical_classifier,test,blur_artifact,1.0,0.8666666666666667,0.9285714285714286,30
hierarchical_classifier,test,border_crop,1.0,1.0,1.0,30
hierarchical_classifier,test,gaussian_noise,0.8787878787878788,0.9666666666666667,0.9206349206349207,30
hierarchical_classifier,test,jpeg_compression,0.7352941176470589,0.8333333333333334,0.78125,30
hierarchical_classifier,test,cifar10_natural,1.0,0.98,0.98989898989899,100
