unknown_threshold,coverage,known_accuracy,overall_accuracy_with_unknown_as_incorrect,unknown_rate,method,split
0.0,1.0,0.9642857142857143,0.9642857142857143,0.0,image_statistics_logreg,val
0.05,1.0,0.9642857142857143,0.9642857142857143,0.0,image_statistics_logreg,val
0.1,1.0,0.9642857142857143,0.9642857142857143,0.0,image_statistics_logreg,val
0.15000000000000002,1.0,0.9642857142857143,0.9642857142857143,0.0,image_statistics_logreg,val
0.2,1.0,0.9642857142857143,0.9642857142857143,0.0,image_statistics_logreg,val
0.25,1.0,0.9642857142857143,0.9642857142857143,0.0,image_statistics_logreg,val
0.30000000000000004,1.0,0.9642857142857143,0.9642857142857143,0.0,image_statistics_logreg,val
0.35000000000000003,1.0,0.9642857142857143,0.9642857142857143,0.0,image_statistics_logreg,val
0.4,1.0,0.9642857142857143,0.9642857142857143,0.0,image_statistics_logreg,val
0.45,1.0,0.9642857142857143,0.9642857142857143,0.0,image_statistics_logreg,val
0.5,0.9976190476190476,0.9665871121718377,0.9642857142857143,0.0023809523809523725,image_statistics_logreg,val
0.55,0.9809523809523809,0.970873786407767,0.9523809523809523,0.01904761904761909,image_statistics_logreg,val
0.6000000000000001,0.9714285714285714,0.9754901960784313,0.9476190476190476,0.02857142857142858,image_statistics_logreg,val
0.65,0.95,0.9849624060150376,0.9357142857142857,0.050000000000000044,image_statistics_logreg,val
0.7000000000000001,0.9452380952380952,0.9848866498740554,0.930952380952381,0.05476190476190479,image_statistics_logreg,val
0.75,0.919047619047619,0.9844559585492227,0.9047619047619048,0.080952380952381,image_statistics_logreg,val
0.8,0.8976190476190476,0.986737400530504,0.8857142857142857,0.10238095238095235,image_statistics_logreg,val
0.8500000000000001,0.8785714285714286,0.989159891598916,0.8690476190476191,0.12142857142857144,image_statistics_logreg,val
0.9,0.830952380952381,0.9885386819484241,0.8214285714285714,0.169047619047619,image_statistics_logreg,val
0.9500000000000001,0.7619047619047619,0.996875,0.7595238095238095,0.23809523809523814,image_statistics_logreg,val
1.0,0.0,,0.0,1.0,image_statistics_logreg,val
0.0,1.0,0.9476190476190476,0.9476190476190476,0.0,image_statistics_logreg,test
0.05,1.0,0.9476190476190476,0.9476190476190476,0.0,image_statistics_logreg,test
0.1,1.0,0.9476190476190476,0.9476190476190476,0.0,image_statistics_logreg,test
0.15000000000000002,1.0,0.9476190476190476,0.9476190476190476,0.0,image_statistics_logreg,test
0.2,1.0,0.9476190476190476,0.9476190476190476,0.0,image_statistics_logreg,test
0.25,1.0,0.9476190476190476,0.9476190476190476,0.0,image_statistics_logreg,test
0.30000000000000004,1.0,0.9476190476190476,0.9476190476190476,0.0,image_statistics_logreg,test
0.35000000000000003,1.0,0.9476190476190476,0.9476190476190476,0.0,image_statistics_logreg,test
0.4,1.0,0.9476190476190476,0.9476190476190476,0.0,image_statistics_logreg,test
0.45,1.0,0.9476190476190476,0.9476190476190476,0.0,image_statistics_logreg,test
0.5,1.0,0.9476190476190476,0.9476190476190476,0.0,image_statistics_logreg,test
0.55,0.9880952380952381,0.9518072289156626,0.9404761904761905,0.011904761904761862,image_statistics_logreg,test
0.6000000000000001,0.9642857142857143,0.9604938271604938,0.9261904761904762,0.0357142857142857,image_statistics_logreg,test
0.65,0.95,0.9649122807017544,0.9166666666666666,0.050000000000000044,image_statistics_logreg,test
0.7000000000000001,0.9333333333333333,0.9744897959183674,0.9095238095238095,0.06666666666666665,image_statistics_logreg,test
0.75,0.8857142857142857,0.9838709677419355,0.8714285714285714,0.11428571428571432,image_statistics_logreg,test
0.8,0.861904761904762,0.9834254143646409,0.8476190476190476,0.13809523809523805,image_statistics_logreg,test
0.8500000000000001,0.8285714285714286,0.9885057471264368,0.819047619047619,0.17142857142857137,image_statistics_logreg,test
0.9,0.7857142857142857,0.9878787878787879,0.7761904761904762,0.2142857142857143,image_statistics_logreg,test
0.9500000000000001,0.7380952380952381,0.9935483870967742,0.7333333333333333,0.26190476190476186,image_statistics_logreg,test
1.0,0.0,,0.0,1.0,image_statistics_logreg,test
0.0,1.0,0.9714285714285714,0.9714285714285714,0.0,global_feature_knn,val
0.05,1.0,0.9714285714285714,0.9714285714285714,0.0,global_feature_knn,val
0.1,1.0,0.9714285714285714,0.9714285714285714,0.0,global_feature_knn,val
0.15000000000000002,1.0,0.9714285714285714,0.9714285714285714,0.0,global_feature_knn,val
0.2,1.0,0.9714285714285714,0.9714285714285714,0.0,global_feature_knn,val
0.25,1.0,0.9714285714285714,0.9714285714285714,0.0,global_feature_knn,val
0.30000000000000004,1.0,0.9714285714285714,0.9714285714285714,0.0,global_feature_knn,val
0.35000000000000003,1.0,0.9714285714285714,0.9714285714285714,0.0,global_feature_knn,val
0.4,1.0,0.9714285714285714,0.9714285714285714,0.0,global_feature_knn,val
0.45,1.0,0.9714285714285714,0.9714285714285714,0.0,global_feature_knn,val
0.5,1.0,0.9714285714285714,0.9714285714285714,0.0,global_feature_knn,val
0.55,1.0,0.9714285714285714,0.9714285714285714,0.0,global_feature_knn,val
0.6000000000000001,0.9904761904761905,0.9759615384615384,0.9666666666666667,0.00952380952380949,global_feature_knn,val
0.65,0.9904761904761905,0.9759615384615384,0.9666666666666667,0.00952380952380949,global_feature_knn,val
0.7000000000000001,0.9904761904761905,0.9759615384615384,0.9666666666666667,0.00952380952380949,global_feature_knn,val
0.75,0.9904761904761905,0.9759615384615384,0.9666666666666667,0.00952380952380949,global_feature_knn,val
0.8,0.9904761904761905,0.9759615384615384,0.9666666666666667,0.00952380952380949,global_feature_knn,val
0.8500000000000001,0.9666666666666667,0.9901477832512315,0.9571428571428572,0.033333333333333326,global_feature_knn,val
0.9,0.9666666666666667,0.9901477832512315,0.9571428571428572,0.033333333333333326,global_feature_knn,val
0.9500000000000001,0.9666666666666667,0.9901477832512315,0.9571428571428572,0.033333333333333326,global_feature_knn,val
1.0,0.9666666666666667,0.9901477832512315,0.9571428571428572,0.033333333333333326,global_feature_knn,val
0.0,1.0,0.9761904761904762,0.9761904761904762,0.0,global_feature_knn,test
0.05,1.0,0.9761904761904762,0.9761904761904762,0.0,global_feature_knn,test
0.1,1.0,0.9761904761904762,0.9761904761904762,0.0,global_feature_knn,test
0.15000000000000002,1.0,0.9761904761904762,0.9761904761904762,0.0,global_feature_knn,test
0.2,1.0,0.9761904761904762,0.9761904761904762,0.0,global_feature_knn,test
0.25,1.0,0.9761904761904762,0.9761904761904762,0.0,global_feature_knn,test
0.30000000000000004,1.0,0.9761904761904762,0.9761904761904762,0.0,global_feature_knn,test
0.35000000000000003,1.0,0.9761904761904762,0.9761904761904762,0.0,global_feature_knn,test
0.4,1.0,0.9761904761904762,0.9761904761904762,0.0,global_feature_knn,test
0.45,1.0,0.9761904761904762,0.9761904761904762,0.0,global_feature_knn,test
0.5,1.0,0.9761904761904762,0.9761904761904762,0.0,global_feature_knn,test
0.55,1.0,0.9761904761904762,0.9761904761904762,0.0,global_feature_knn,test
0.6000000000000001,0.9904761904761905,0.9831730769230769,0.9738095238095238,0.00952380952380949,global_feature_knn,test
0.65,0.9904761904761905,0.9831730769230769,0.9738095238095238,0.00952380952380949,global_feature_knn,test
0.7000000000000001,0.9904761904761905,0.9831730769230769,0.9738095238095238,0.00952380952380949,global_feature_knn,test
0.75,0.9904761904761905,0.9831730769230769,0.9738095238095238,0.00952380952380949,global_feature_knn,test
0.8,0.9904761904761905,0.9831730769230769,0.9738095238095238,0.00952380952380949,global_feature_knn,test
0.8500000000000001,0.9595238095238096,0.9925558312655087,0.9523809523809523,0.04047619047619044,global_feature_knn,test
0.9,0.9595238095238096,0.9925558312655087,0.9523809523809523,0.04047619047619044,global_feature_knn,test
0.9500000000000001,0.9595238095238096,0.9925558312655087,0.9523809523809523,0.04047619047619044,global_feature_knn,test
1.0,0.9595238095238096,0.9925558312655087,0.9523809523809523,0.04047619047619044,global_feature_knn,test
0.0,1.0,0.819047619047619,0.819047619047619,0.0,nearest_centroid,val
0.05,1.0,0.819047619047619,0.819047619047619,0.0,nearest_centroid,val
0.1,1.0,0.819047619047619,0.819047619047619,0.0,nearest_centroid,val
0.15000000000000002,1.0,0.819047619047619,0.819047619047619,0.0,nearest_centroid,val
0.2,1.0,0.819047619047619,0.819047619047619,0.0,nearest_centroid,val
0.25,1.0,0.819047619047619,0.819047619047619,0.0,nearest_centroid,val
0.30000000000000004,1.0,0.819047619047619,0.819047619047619,0.0,nearest_centroid,val
0.35000000000000003,1.0,0.819047619047619,0.819047619047619,0.0,nearest_centroid,val
0.4,1.0,0.819047619047619,0.819047619047619,0.0,nearest_centroid,val
0.45,1.0,0.819047619047619,0.819047619047619,0.0,nearest_centroid,val
0.5,0.9976190476190476,0.8210023866348448,0.819047619047619,0.0023809523809523725,nearest_centroid,val
0.55,0.9619047619047619,0.8267326732673267,0.7952380952380952,0.03809523809523807,nearest_centroid,val
0.6000000000000001,0.9380952380952381,0.8299492385786802,0.7785714285714286,0.06190476190476191,nearest_centroid,val
0.65,0.9071428571428571,0.84251968503937,0.7642857142857142,0.09285714285714286,nearest_centroid,val
0.7000000000000001,0.8761904761904762,0.8478260869565217,0.7428571428571429,0.12380952380952381,nearest_centroid,val
0.75,0.8452380952380952,0.856338028169014,0.7238095238095238,0.15476190476190477,nearest_centroid,val
0.8,0.8142857142857143,0.8742690058479532,0.7119047619047619,0.18571428571428572,nearest_centroid,val
0.8500000000000001,0.7738095238095238,0.8861538461538462,0.6857142857142857,0.22619047619047616,nearest_centroid,val
0.9,0.7166666666666667,0.8970099667774086,0.6428571428571429,0.2833333333333333,nearest_centroid,val
0.9500000000000001,0.6333333333333333,0.9323308270676691,0.5904761904761905,0.3666666666666667,nearest_centroid,val
1.0,0.0,,0.0,1.0,nearest_centroid,val
0.0,1.0,0.780952380952381,0.780952380952381,0.0,nearest_centroid,test
0.05,1.0,0.780952380952381,0.780952380952381,0.0,nearest_centroid,test
0.1,1.0,0.780952380952381,0.780952380952381,0.0,nearest_centroid,test
0.15000000000000002,1.0,0.780952380952381,0.780952380952381,0.0,nearest_centroid,test
0.2,1.0,0.780952380952381,0.780952380952381,0.0,nearest_centroid,test
0.25,1.0,0.780952380952381,0.780952380952381,0.0,nearest_centroid,test
0.30000000000000004,1.0,0.780952380952381,0.780952380952381,0.0,nearest_centroid,test
0.35000000000000003,1.0,0.780952380952381,0.780952380952381,0.0,nearest_centroid,test
0.4,1.0,0.780952380952381,0.780952380952381,0.0,nearest_centroid,test
0.45,0.9976190476190476,0.7828162291169452,0.780952380952381,0.0023809523809523725,nearest_centroid,test
0.5,0.9976190476190476,0.7828162291169452,0.780952380952381,0.0023809523809523725,nearest_centroid,test
0.55,0.9833333333333333,0.7917675544794189,0.7785714285714286,0.01666666666666672,nearest_centroid,test
0.6000000000000001,0.9523809523809523,0.8,0.7619047619047619,0.04761904761904767,nearest_centroid,test
0.65,0.9261904761904762,0.8020565552699229,0.7428571428571429,0.07380952380952377,nearest_centroid,test
0.7000000000000001,0.9,0.8095238095238095,0.7285714285714285,0.09999999999999998,nearest_centroid,test
0.75,0.861904761904762,0.8093922651933702,0.6976190476190476,0.13809523809523805,nearest_centroid,test
0.8,0.8142857142857143,0.8245614035087719,0.6714285714285714,0.18571428571428572,nearest_centroid,test
0.8500000000000001,0.7619047619047619,0.8375,0.638095238095238,0.23809523809523814,nearest_centroid,test
0.9,0.6714285714285714,0.8652482269503546,0.580952380952381,0.3285714285714286,nearest_centroid,test
0.9500000000000001,0.5928571428571429,0.891566265060241,0.5285714285714286,0.40714285714285714,nearest_centroid,test
1.0,0.0,,0.0,1.0,nearest_centroid,test
0.0,1.0,0.9904761904761905,0.9904761904761905,0.0,logistic_regression,val
0.05,1.0,0.9904761904761905,0.9904761904761905,0.0,logistic_regression,val
0.1,1.0,0.9904761904761905,0.9904761904761905,0.0,logistic_regression,val
0.15000000000000002,1.0,0.9904761904761905,0.9904761904761905,0.0,logistic_regression,val
0.2,1.0,0.9904761904761905,0.9904761904761905,0.0,logistic_regression,val
0.25,1.0,0.9904761904761905,0.9904761904761905,0.0,logistic_regression,val
0.30000000000000004,1.0,0.9904761904761905,0.9904761904761905,0.0,logistic_regression,val
0.35000000000000003,1.0,0.9904761904761905,0.9904761904761905,0.0,logistic_regression,val
0.4,1.0,0.9904761904761905,0.9904761904761905,0.0,logistic_regression,val
0.45,1.0,0.9904761904761905,0.9904761904761905,0.0,logistic_regression,val
0.5,1.0,0.9904761904761905,0.9904761904761905,0.0,logistic_regression,val
0.55,1.0,0.9904761904761905,0.9904761904761905,0.0,logistic_regression,val
0.6000000000000001,1.0,0.9904761904761905,0.9904761904761905,0.0,logistic_regression,val
0.65,0.9976190476190476,0.9904534606205251,0.9880952380952381,0.0023809523809523725,logistic_regression,val
0.7000000000000001,0.9976190476190476,0.9904534606205251,0.9880952380952381,0.0023809523809523725,logistic_regression,val
0.75,0.9928571428571429,0.9928057553956835,0.9857142857142858,0.0071428571428571175,logistic_regression,val
0.8,0.9904761904761905,0.9927884615384616,0.9833333333333333,0.00952380952380949,logistic_regression,val
0.8500000000000001,0.9904761904761905,0.9927884615384616,0.9833333333333333,0.00952380952380949,logistic_regression,val
0.9,0.9880952380952381,0.9927710843373494,0.9809523809523809,0.011904761904761862,logistic_regression,val
0.9500000000000001,0.9809523809523809,0.9975728155339806,0.9785714285714285,0.01904761904761909,logistic_regression,val
1.0,0.011904761904761904,1.0,0.011904761904761904,0.9880952380952381,logistic_regression,val
0.0,1.0,0.9928571428571429,0.9928571428571429,0.0,logistic_regression,test
0.05,1.0,0.9928571428571429,0.9928571428571429,0.0,logistic_regression,test
0.1,1.0,0.9928571428571429,0.9928571428571429,0.0,logistic_regression,test
0.15000000000000002,1.0,0.9928571428571429,0.9928571428571429,0.0,logistic_regression,test
0.2,1.0,0.9928571428571429,0.9928571428571429,0.0,logistic_regression,test
0.25,1.0,0.9928571428571429,0.9928571428571429,0.0,logistic_regression,test
0.30000000000000004,1.0,0.9928571428571429,0.9928571428571429,0.0,logistic_regression,test
0.35000000000000003,1.0,0.9928571428571429,0.9928571428571429,0.0,logistic_regression,test
0.4,1.0,0.9928571428571429,0.9928571428571429,0.0,logistic_regression,test
0.45,1.0,0.9928571428571429,0.9928571428571429,0.0,logistic_regression,test
0.5,1.0,0.9928571428571429,0.9928571428571429,0.0,logistic_regression,test
0.55,1.0,0.9928571428571429,0.9928571428571429,0.0,logistic_regression,test
0.6000000000000001,1.0,0.9928571428571429,0.9928571428571429,0.0,logistic_regression,test
0.65,1.0,0.9928571428571429,0.9928571428571429,0.0,logistic_regression,test
0.7000000000000001,1.0,0.9928571428571429,0.9928571428571429,0.0,logistic_regression,test
0.75,0.9976190476190476,0.9952267303102625,0.9928571428571429,0.0023809523809523725,logistic_regression,test
0.8,0.9904761904761905,0.9951923076923077,0.9857142857142858,0.00952380952380949,logistic_regression,test
0.8500000000000001,0.9904761904761905,0.9951923076923077,0.9857142857142858,0.00952380952380949,logistic_regression,test
0.9,0.9880952380952381,0.9951807228915662,0.9833333333333333,0.011904761904761862,logistic_regression,test
0.9500000000000001,0.9809523809523809,0.9975728155339806,0.9785714285714285,0.01904761904761909,logistic_regression,test
1.0,0.011904761904761904,1.0,0.011904761904761904,0.9880952380952381,logistic_regression,test
0.0,1.0,0.9928571428571429,0.9928571428571429,0.0,linear_svm,val
0.05,1.0,0.9928571428571429,0.9928571428571429,0.0,linear_svm,val
0.1,1.0,0.9928571428571429,0.9928571428571429,0.0,linear_svm,val
0.15000000000000002,1.0,0.9928571428571429,0.9928571428571429,0.0,linear_svm,val
0.2,1.0,0.9928571428571429,0.9928571428571429,0.0,linear_svm,val
0.25,1.0,0.9928571428571429,0.9928571428571429,0.0,linear_svm,val
0.30000000000000004,1.0,0.9928571428571429,0.9928571428571429,0.0,linear_svm,val
0.35000000000000003,1.0,0.9928571428571429,0.9928571428571429,0.0,linear_svm,val
0.4,1.0,0.9928571428571429,0.9928571428571429,0.0,linear_svm,val
0.45,1.0,0.9928571428571429,0.9928571428571429,0.0,linear_svm,val
0.5,0.9976190476190476,0.9928400954653938,0.9904761904761905,0.0023809523809523725,linear_svm,val
0.55,0.9952380952380953,0.992822966507177,0.9880952380952381,0.004761904761904745,linear_svm,val
0.6000000000000001,0.9928571428571429,0.9928057553956835,0.9857142857142858,0.0071428571428571175,linear_svm,val
0.65,0.9880952380952381,0.9975903614457832,0.9857142857142858,0.011904761904761862,linear_svm,val
0.7000000000000001,0.9809523809523809,0.9975728155339806,0.9785714285714285,0.01904761904761909,linear_svm,val
0.75,0.9714285714285714,0.9975490196078431,0.969047619047619,0.02857142857142858,linear_svm,val
0.8,0.9619047619047619,0.9975247524752475,0.9595238095238096,0.03809523809523807,linear_svm,val
0.8500000000000001,0.9285714285714286,1.0,0.9285714285714286,0.0714285714285714,linear_svm,val
0.9,0.8238095238095238,1.0,0.8238095238095238,0.17619047619047623,linear_svm,val
0.9500000000000001,0.5619047619047619,1.0,0.5619047619047619,0.4380952380952381,linear_svm,val
1.0,0.0,,0.0,1.0,linear_svm,val
0.0,1.0,0.9928571428571429,0.9928571428571429,0.0,linear_svm,test
0.05,1.0,0.9928571428571429,0.9928571428571429,0.0,linear_svm,test
0.1,1.0,0.9928571428571429,0.9928571428571429,0.0,linear_svm,test
0.15000000000000002,1.0,0.9928571428571429,0.9928571428571429,0.0,linear_svm,test
0.2,1.0,0.9928571428571429,0.9928571428571429,0.0,linear_svm,test
0.25,1.0,0.9928571428571429,0.9928571428571429,0.0,linear_svm,test
0.30000000000000004,1.0,0.9928571428571429,0.9928571428571429,0.0,linear_svm,test
0.35000000000000003,1.0,0.9928571428571429,0.9928571428571429,0.0,linear_svm,test
0.4,1.0,0.9928571428571429,0.9928571428571429,0.0,linear_svm,test
0.45,1.0,0.9928571428571429,0.9928571428571429,0.0,linear_svm,test
0.5,0.9952380952380953,0.992822966507177,0.9880952380952381,0.004761904761904745,linear_svm,test
0.55,0.9928571428571429,0.9952038369304557,0.9880952380952381,0.0071428571428571175,linear_svm,test
0.6000000000000001,0.9904761904761905,0.9951923076923077,0.9857142857142858,0.00952380952380949,linear_svm,test
0.65,0.9880952380952381,0.9975903614457832,0.9857142857142858,0.011904761904761862,linear_svm,test
0.7000000000000001,0.9880952380952381,0.9975903614457832,0.9857142857142858,0.011904761904761862,linear_svm,test
0.75,0.9833333333333333,0.9975786924939467,0.9809523809523809,0.01666666666666672,linear_svm,test
0.8,0.9714285714285714,0.9975490196078431,0.969047619047619,0.02857142857142858,linear_svm,test
0.8500000000000001,0.9452380952380952,0.9974811083123426,0.9428571428571428,0.05476190476190479,linear_svm,test
0.9,0.819047619047619,1.0,0.819047619047619,0.18095238095238098,linear_svm,test
0.9500000000000001,0.5214285714285715,1.0,0.5214285714285715,0.47857142857142854,linear_svm,test
1.0,0.0,,0.0,1.0,linear_svm,test
0.0,1.0,0.9904761904761905,0.9904761904761905,0.0,random_forest_or_gradient_boosting,val
0.05,1.0,0.9904761904761905,0.9904761904761905,0.0,random_forest_or_gradient_boosting,val
0.1,1.0,0.9904761904761905,0.9904761904761905,0.0,random_forest_or_gradient_boosting,val
0.15000000000000002,1.0,0.9904761904761905,0.9904761904761905,0.0,random_forest_or_gradient_boosting,val
0.2,1.0,0.9904761904761905,0.9904761904761905,0.0,random_forest_or_gradient_boosting,val
0.25,1.0,0.9904761904761905,0.9904761904761905,0.0,random_forest_or_gradient_boosting,val
0.30000000000000004,1.0,0.9904761904761905,0.9904761904761905,0.0,random_forest_or_gradient_boosting,val
0.35000000000000003,1.0,0.9904761904761905,0.9904761904761905,0.0,random_forest_or_gradient_boosting,val
0.4,1.0,0.9904761904761905,0.9904761904761905,0.0,random_forest_or_gradient_boosting,val
0.45,1.0,0.9904761904761905,0.9904761904761905,0.0,random_forest_or_gradient_boosting,val
0.5,1.0,0.9904761904761905,0.9904761904761905,0.0,random_forest_or_gradient_boosting,val
0.55,0.9904761904761905,0.9951923076923077,0.9857142857142858,0.00952380952380949,random_forest_or_gradient_boosting,val
0.6000000000000001,0.9880952380952381,0.9975903614457832,0.9857142857142858,0.011904761904761862,random_forest_or_gradient_boosting,val
0.65,0.9833333333333333,0.9975786924939467,0.9809523809523809,0.01666666666666672,random_forest_or_gradient_boosting,val
0.7000000000000001,0.9761904761904762,0.9975609756097561,0.9738095238095238,0.023809523809523836,random_forest_or_gradient_boosting,val
0.75,0.9714285714285714,1.0,0.9714285714285714,0.02857142857142858,random_forest_or_gradient_boosting,val
0.8,0.9571428571428572,1.0,0.9571428571428572,0.042857142857142816,random_forest_or_gradient_boosting,val
0.8500000000000001,0.9238095238095239,1.0,0.9238095238095239,0.07619047619047614,random_forest_or_gradient_boosting,val
0.9,0.8976190476190476,1.0,0.8976190476190476,0.10238095238095235,random_forest_or_gradient_boosting,val
0.9500000000000001,0.8119047619047619,1.0,0.8119047619047619,0.1880952380952381,random_forest_or_gradient_boosting,val
1.0,0.4452380952380952,1.0,0.4452380952380952,0.5547619047619048,random_forest_or_gradient_boosting,val
0.0,1.0,0.9928571428571429,0.9928571428571429,0.0,random_forest_or_gradient_boosting,test
0.05,1.0,0.9928571428571429,0.9928571428571429,0.0,random_forest_or_gradient_boosting,test
0.1,1.0,0.9928571428571429,0.9928571428571429,0.0,random_forest_or_gradient_boosting,test
0.15000000000000002,1.0,0.9928571428571429,0.9928571428571429,0.0,random_forest_or_gradient_boosting,test
0.2,1.0,0.9928571428571429,0.9928571428571429,0.0,random_forest_or_gradient_boosting,test
0.25,1.0,0.9928571428571429,0.9928571428571429,0.0,random_forest_or_gradient_boosting,test
0.30000000000000004,1.0,0.9928571428571429,0.9928571428571429,0.0,random_forest_or_gradient_boosting,test
0.35000000000000003,1.0,0.9928571428571429,0.9928571428571429,0.0,random_forest_or_gradient_boosting,test
0.4,1.0,0.9928571428571429,0.9928571428571429,0.0,random_forest_or_gradient_boosting,test
0.45,0.9976190476190476,0.9928400954653938,0.9904761904761905,0.0023809523809523725,random_forest_or_gradient_boosting,test
0.5,0.9976190476190476,0.9928400954653938,0.9904761904761905,0.0023809523809523725,random_forest_or_gradient_boosting,test
0.55,0.9928571428571429,0.9952038369304557,0.9880952380952381,0.0071428571428571175,random_forest_or_gradient_boosting,test
0.6000000000000001,0.9904761904761905,0.9951923076923077,0.9857142857142858,0.00952380952380949,random_forest_or_gradient_boosting,test
0.65,0.9904761904761905,0.9951923076923077,0.9857142857142858,0.00952380952380949,random_forest_or_gradient_boosting,test
0.7000000000000001,0.9833333333333333,0.9951573849878934,0.9785714285714285,0.01666666666666672,random_forest_or_gradient_boosting,test
0.75,0.9761904761904762,0.9975609756097561,0.9738095238095238,0.023809523809523836,random_forest_or_gradient_boosting,test
0.8,0.9571428571428572,0.9975124378109452,0.9547619047619048,0.042857142857142816,random_forest_or_gradient_boosting,test
0.8500000000000001,0.9238095238095239,1.0,0.9238095238095239,0.07619047619047614,random_forest_or_gradient_boosting,test
0.9,0.8809523809523809,1.0,0.8809523809523809,0.11904761904761907,random_forest_or_gradient_boosting,test
0.9500000000000001,0.7833333333333333,1.0,0.7833333333333333,0.21666666666666667,random_forest_or_gradient_boosting,test
1.0,0.4095238095238095,1.0,0.4095238095238095,0.5904761904761905,random_forest_or_gradient_boosting,test
0.0,1.0,0.9904761904761905,0.9904761904761905,0.0,feature_statistics_fusion,val
0.05,1.0,0.9904761904761905,0.9904761904761905,0.0,feature_statistics_fusion,val
0.1,1.0,0.9904761904761905,0.9904761904761905,0.0,feature_statistics_fusion,val
0.15000000000000002,1.0,0.9904761904761905,0.9904761904761905,0.0,feature_statistics_fusion,val
0.2,1.0,0.9904761904761905,0.9904761904761905,0.0,feature_statistics_fusion,val
0.25,1.0,0.9904761904761905,0.9904761904761905,0.0,feature_statistics_fusion,val
0.30000000000000004,1.0,0.9904761904761905,0.9904761904761905,0.0,feature_statistics_fusion,val
0.35000000000000003,1.0,0.9904761904761905,0.9904761904761905,0.0,feature_statistics_fusion,val
0.4,1.0,0.9904761904761905,0.9904761904761905,0.0,feature_statistics_fusion,val
0.45,1.0,0.9904761904761905,0.9904761904761905,0.0,feature_statistics_fusion,val
0.5,1.0,0.9904761904761905,0.9904761904761905,0.0,feature_statistics_fusion,val
0.55,1.0,0.9904761904761905,0.9904761904761905,0.0,feature_statistics_fusion,val
0.6000000000000001,0.9976190476190476,0.9928400954653938,0.9904761904761905,0.0023809523809523725,feature_statistics_fusion,val
0.65,0.9976190476190476,0.9928400954653938,0.9904761904761905,0.0023809523809523725,feature_statistics_fusion,val
0.7000000000000001,0.9976190476190476,0.9928400954653938,0.9904761904761905,0.0023809523809523725,feature_statistics_fusion,val
0.75,0.9976190476190476,0.9928400954653938,0.9904761904761905,0.0023809523809523725,feature_statistics_fusion,val
0.8,0.9976190476190476,0.9928400954653938,0.9904761904761905,0.0023809523809523725,feature_statistics_fusion,val
0.8500000000000001,0.9952380952380953,0.9952153110047847,0.9904761904761905,0.004761904761904745,feature_statistics_fusion,val
0.9,0.9857142857142858,1.0,0.9857142857142858,0.014285714285714235,feature_statistics_fusion,val
0.9500000000000001,0.9785714285714285,1.0,0.9785714285714285,0.021428571428571463,feature_statistics_fusion,val
1.0,0.002380952380952381,1.0,0.002380952380952381,0.9976190476190476,feature_statistics_fusion,val
0.0,1.0,0.9952380952380953,0.9952380952380953,0.0,feature_statistics_fusion,test
0.05,1.0,0.9952380952380953,0.9952380952380953,0.0,feature_statistics_fusion,test
0.1,1.0,0.9952380952380953,0.9952380952380953,0.0,feature_statistics_fusion,test
0.15000000000000002,1.0,0.9952380952380953,0.9952380952380953,0.0,feature_statistics_fusion,test
0.2,1.0,0.9952380952380953,0.9952380952380953,0.0,feature_statistics_fusion,test
0.25,1.0,0.9952380952380953,0.9952380952380953,0.0,feature_statistics_fusion,test
0.30000000000000004,1.0,0.9952380952380953,0.9952380952380953,0.0,feature_statistics_fusion,test
0.35000000000000003,1.0,0.9952380952380953,0.9952380952380953,0.0,feature_statistics_fusion,test
0.4,1.0,0.9952380952380953,0.9952380952380953,0.0,feature_statistics_fusion,test
0.45,1.0,0.9952380952380953,0.9952380952380953,0.0,feature_statistics_fusion,test
0.5,1.0,0.9952380952380953,0.9952380952380953,0.0,feature_statistics_fusion,test
0.55,1.0,0.9952380952380953,0.9952380952380953,0.0,feature_statistics_fusion,test
0.6000000000000001,1.0,0.9952380952380953,0.9952380952380953,0.0,feature_statistics_fusion,test
0.65,1.0,0.9952380952380953,0.9952380952380953,0.0,feature_statistics_fusion,test
0.7000000000000001,0.9952380952380953,0.9976076555023924,0.9928571428571429,0.004761904761904745,feature_statistics_fusion,test
0.75,0.9952380952380953,0.9976076555023924,0.9928571428571429,0.004761904761904745,feature_statistics_fusion,test
0.8,0.9952380952380953,0.9976076555023924,0.9928571428571429,0.004761904761904745,feature_statistics_fusion,test
0.8500000000000001,0.9952380952380953,0.9976076555023924,0.9928571428571429,0.004761904761904745,feature_statistics_fusion,test
0.9,0.9928571428571429,0.9976019184652278,0.9904761904761905,0.0071428571428571175,feature_statistics_fusion,test
0.9500000000000001,0.9809523809523809,0.9975728155339806,0.9785714285714285,0.01904761904761909,feature_statistics_fusion,test
1.0,0.004761904761904762,1.0,0.004761904761904762,0.9952380952380953,feature_statistics_fusion,test
0.0,1.0,0.9904761904761905,0.9904761904761905,0.0,hierarchical_classifier,val
0.05,1.0,0.9904761904761905,0.9904761904761905,0.0,hierarchical_classifier,val
0.1,1.0,0.9904761904761905,0.9904761904761905,0.0,hierarchical_classifier,val
0.15000000000000002,1.0,0.9904761904761905,0.9904761904761905,0.0,hierarchical_classifier,val
0.2,1.0,0.9904761904761905,0.9904761904761905,0.0,hierarchical_classifier,val
0.25,1.0,0.9904761904761905,0.9904761904761905,0.0,hierarchical_classifier,val
0.30000000000000004,1.0,0.9904761904761905,0.9904761904761905,0.0,hierarchical_classifier,val
0.35000000000000003,1.0,0.9904761904761905,0.9904761904761905,0.0,hierarchical_classifier,val
0.4,1.0,0.9904761904761905,0.9904761904761905,0.0,hierarchical_classifier,val
0.45,1.0,0.9904761904761905,0.9904761904761905,0.0,hierarchical_classifier,val
0.5,1.0,0.9904761904761905,0.9904761904761905,0.0,hierarchical_classifier,val
0.55,1.0,0.9904761904761905,0.9904761904761905,0.0,hierarchical_classifier,val
0.6000000000000001,0.9976190476190476,0.9928400954653938,0.9904761904761905,0.0023809523809523725,hierarchical_classifier,val
0.65,0.9976190476190476,0.9928400954653938,0.9904761904761905,0.0023809523809523725,hierarchical_classifier,val
0.7000000000000001,0.9976190476190476,0.9928400954653938,0.9904761904761905,0.0023809523809523725,hierarchical_classifier,val
0.75,0.9976190476190476,0.9928400954653938,0.9904761904761905,0.0023809523809523725,hierarchical_classifier,val
0.8,0.9976190476190476,0.9928400954653938,0.9904761904761905,0.0023809523809523725,hierarchical_classifier,val
0.8500000000000001,0.9952380952380953,0.9952153110047847,0.9904761904761905,0.004761904761904745,hierarchical_classifier,val
0.9,0.9857142857142858,1.0,0.9857142857142858,0.014285714285714235,hierarchical_classifier,val
0.9500000000000001,0.9785714285714285,1.0,0.9785714285714285,0.021428571428571463,hierarchical_classifier,val
1.0,0.002380952380952381,1.0,0.002380952380952381,0.9976190476190476,hierarchical_classifier,val
0.0,1.0,0.9952380952380953,0.9952380952380953,0.0,hierarchical_classifier,test
0.05,1.0,0.9952380952380953,0.9952380952380953,0.0,hierarchical_classifier,test
0.1,1.0,0.9952380952380953,0.9952380952380953,0.0,hierarchical_classifier,test
0.15000000000000002,1.0,0.9952380952380953,0.9952380952380953,0.0,hierarchical_classifier,test
0.2,1.0,0.9952380952380953,0.9952380952380953,0.0,hierarchical_classifier,test
0.25,1.0,0.9952380952380953,0.9952380952380953,0.0,hierarchical_classifier,test
0.30000000000000004,1.0,0.9952380952380953,0.9952380952380953,0.0,hierarchical_classifier,test
0.35000000000000003,1.0,0.9952380952380953,0.9952380952380953,0.0,hierarchical_classifier,test
0.4,1.0,0.9952380952380953,0.9952380952380953,0.0,hierarchical_classifier,test
0.45,1.0,0.9952380952380953,0.9952380952380953,0.0,hierarchical_classifier,test
0.5,1.0,0.9952380952380953,0.9952380952380953,0.0,hierarchical_classifier,test
0.55,1.0,0.9952380952380953,0.9952380952380953,0.0,hierarchical_classifier,test
0.6000000000000001,1.0,0.9952380952380953,0.9952380952380953,0.0,hierarchical_classifier,test
0.65,1.0,0.9952380952380953,0.9952380952380953,0.0,hierarchical_classifier,test
0.7000000000000001,0.9952380952380953,0.9976076555023924,0.9928571428571429,0.004761904761904745,hierarchical_classifier,test
0.75,0.9952380952380953,0.9976076555023924,0.9928571428571429,0.004761904761904745,hierarchical_classifier,test
0.8,0.9952380952380953,0.9976076555023924,0.9928571428571429,0.004761904761904745,hierarchical_classifier,test
0.8500000000000001,0.9952380952380953,0.9976076555023924,0.9928571428571429,0.004761904761904745,hierarchical_classifier,test
0.9,0.9928571428571429,0.9976019184652278,0.9904761904761905,0.0071428571428571175,hierarchical_classifier,test
0.9500000000000001,0.9809523809523809,0.9975728155339806,0.9785714285714285,0.01904761904761909,hierarchical_classifier,test
1.0,0.004761904761904762,1.0,0.004761904761904762,0.9952380952380953,hierarchical_classifier,test
