analysis,main finding,strongest method,key metric/result,dissertation implication,limitation
multi-scheme comparison,Mahalanobis feature distance is the strongest overall quantitative gatekeeper in the merged PR #21 comparison.,Mahalanobis feature,"AUROC 0.9724, AUPRC 0.9975, FPR@95%TPR 0.2000, OOD recall at val-ID threshold 0.9079",Use Mahalanobis as the primary binary FAF OOD gatekeeper baseline.,"ID test set is synthetic fallback, not real clinical FAF validation."
bootstrap CI,Mahalanobis remains best under bootstrap uncertainty for AUROC and AUPRC and has the lowest FPR@95%TPR estimate.,Mahalanobis feature,"AUROC 0.9724 [0.9638, 0.9800]; AUPRC 0.9975 [0.9967, 0.9983]; FPR@95%TPR 0.2000 [0.1061, 0.2901]",Ranking results are stable; threshold safety should be discussed more cautiously.,FPR@95%TPR confidence intervals are wider and overlap with Global feature kNN.
train-size sensitivity,Mahalanobis is already strong at 50 ID images and saturates around 500 to 700 images.,Mahalanobis feature,AUROC rises from 0.9389 at 50 images to 0.9724 at 700 images.,Feature-distance gating is data-efficient in this synthetic-backed proof of concept.,PatchCore memory-bank size was not varied in this sweep.
threshold policy,ID-calibrated Mahalanobis thresholds give the best deployment-style trade-off.,Mahalanobis feature,"val_id_quantile_95: ID false rejection 0.0467, OOD recall 0.9079; fixed_id_rejection_20: ID false rejection 0.1200, OOD recall 0.9388",Recommend validation-ID threshold calibration; use research 95% TPR only for evaluation.,Clinical threshold selection requires real FAF validation and operational cost targets.
artifact severity,"Severity response is mixed: rectangle annotation, border crop, blur, and Gaussian noise are detectable, while text watermark and JPEG compression remain hard.",Mahalanobis feature,Best monotonic responses: Mahalanobis border_crop and Autoencoder rectangle_annotation Spearman 0.9685; hardest artifact family: text_watermark mean reject rate 0.0469,Stress tests reveal both strengths and blind spots; do not claim universal monotonicity.,"Generated artifacts are proof-of-concept stress tests, not clinical prevalence estimates."
method disagreement,"Mahalanobis is correct while PatchCore L3 is wrong on many cases, but PatchCore catches many Mahalanobis text-watermark misses.",Mahalanobis feature quantitatively; PatchCore L3 qualitatively,All methods correct 1195; Mahalanobis correct/PatchCore wrong 446; PatchCore catches 111 Mahalanobis false negatives,Use Mahalanobis for decisions and PatchCore for localizable discussion examples.,Disagreement cases come from synthetic fallback ID and curated OOD stress examples.
feature-space PCA,"Semantic outliers and modality shifts separate clearly from ID, while text watermark remains close to ID.",Mahalanobis feature,CIFAR centroid distance to ID 12.6234; OCT 7.2531; colour fundus 3.7114; text watermark 0.0811,Global feature-space separation explains Mahalanobis strength and text-watermark weakness.,"PCA is a 2D visualization of one feature family, not proof of clinical separability."
runtime/resource,Mahalanobis gives the best performance/resource trade-off; PatchCore L3 adds localization at higher cost.,Mahalanobis feature,"Mahalanobis: 6.2061 MB, 39.3631 ms/image, AUROC 0.9724; PatchCore L3: 16.0489 MB, 55.8631 ms/image, AUROC 0.8819",Mahalanobis is practical for a prototype gatekeeper; PatchCore is useful as an explanation companion.,Runtime is a local smoke scoring measurement over 22 images; fit time was not remeasured.
failure analysis,Text watermark is the hardest Mahalanobis subtype and dominates false negatives.,PatchCore L3 as complement for this failure mode,Mahalanobis text_watermark only-subtype AUROC 0.7361; 129/152 Mahalanobis false negatives are text watermark.,Use false-negative and disagreement figures to motivate hybrid/localization future work.,Subtle local artifacts may remain underrepresented or synthetic relative to clinical acquisition failures.
