category_level,category,experiment,model,backbone,layers,ood_type,ood_subtype,auroc,auprc,fpr_at_95_tpr,id_count,ood_count,metrics_file
ood_subtype,arrow_annotation,patchcore_layer2,patchcore,resnet50,layer2,sensory_artifact,arrow_annotation,0.9999111111111112,0.9999122807017546,0.0,150,150,runs/patchcore_layer2/evaluation/metrics.json
ood_subtype,blur_artifact,patchcore_layer2,patchcore,resnet50,layer2,sensory_artifact,blur_artifact,0.4926666666666666,0.4813157742804727,0.9066666666666666,150,150,runs/patchcore_layer2/evaluation/metrics.json
ood_subtype,border_crop,patchcore_layer2,patchcore,resnet50,layer2,sensory_artifact,border_crop,0.7491555555555556,0.7766329459417964,0.78,150,150,runs/patchcore_layer2/evaluation/metrics.json
ood_subtype,cifar10_natural,patchcore_layer2,patchcore,resnet50,layer2,semantic_outlier,cifar10_natural,0.9391555555555556,0.9201251460138142,0.2,150,150,runs/patchcore_layer2/evaluation/metrics.json
ood_subtype,colour_fundus,patchcore_layer2,patchcore,resnet50,layer2,modality_shift,colour_fundus,0.9936,0.993255467377947,0.04,150,150,runs/patchcore_layer2/evaluation/metrics.json
ood_subtype,composite_layout,patchcore_layer2,patchcore,resnet50,layer2,sensory_artifact,composite_layout,1.0,1.0000000000000002,0.0,150,150,runs/patchcore_layer2/evaluation/metrics.json
ood_subtype,gaussian_noise,patchcore_layer2,patchcore,resnet50,layer2,sensory_artifact,gaussian_noise,0.4256444444444445,0.4481430105120431,0.9466666666666668,150,150,runs/patchcore_layer2/evaluation/metrics.json
ood_subtype,jpeg_compression,patchcore_layer2,patchcore,resnet50,layer2,sensory_artifact,jpeg_compression,0.5585333333333333,0.5206599375100067,0.8533333333333334,150,150,runs/patchcore_layer2/evaluation/metrics.json
ood_subtype,oct_screenshot,patchcore_layer2,patchcore,resnet50,layer2,modality_shift,oct_screenshot,1.0,1.0,0.0,150,150,runs/patchcore_layer2/evaluation/metrics.json
ood_subtype,rectangle_annotation,patchcore_layer2,patchcore,resnet50,layer2,sensory_artifact,rectangle_annotation,1.0,1.0000000000000002,0.0,150,150,runs/patchcore_layer2/evaluation/metrics.json
ood_subtype,text_watermark,patchcore_layer2,patchcore,resnet50,layer2,sensory_artifact,text_watermark,0.9491777777777778,0.9485436103143412,0.2266666666666666,150,150,runs/patchcore_layer2/evaluation/metrics.json
ood_subtype,arrow_annotation,patchcore_layer3,patchcore,resnet50,layer3,sensory_artifact,arrow_annotation,0.9983555555555556,0.9982874393613445,0.0133333333333333,150,150,runs/patchcore_layer3/evaluation/metrics.json
ood_subtype,blur_artifact,patchcore_layer3,patchcore,resnet50,layer3,sensory_artifact,blur_artifact,0.5776444444444444,0.5519147287832522,0.9,150,150,runs/patchcore_layer3/evaluation/metrics.json
ood_subtype,border_crop,patchcore_layer3,patchcore,resnet50,layer3,sensory_artifact,border_crop,0.8779111111111112,0.8682272072736572,0.4466666666666666,150,150,runs/patchcore_layer3/evaluation/metrics.json
ood_subtype,cifar10_natural,patchcore_layer3,patchcore,resnet50,layer3,semantic_outlier,cifar10_natural,0.9917777777777778,0.9902814562249432,0.04,150,150,runs/patchcore_layer3/evaluation/metrics.json
ood_subtype,colour_fundus,patchcore_layer3,patchcore,resnet50,layer3,modality_shift,colour_fundus,0.9695555555555556,0.9336088857592544,0.0666666666666666,150,150,runs/patchcore_layer3/evaluation/metrics.json
ood_subtype,composite_layout,patchcore_layer3,patchcore,resnet50,layer3,sensory_artifact,composite_layout,0.9930666666666668,0.990363697644386,0.0133333333333333,150,150,runs/patchcore_layer3/evaluation/metrics.json
ood_subtype,gaussian_noise,patchcore_layer3,patchcore,resnet50,layer3,sensory_artifact,gaussian_noise,0.7501333333333333,0.749046849386708,0.74,150,150,runs/patchcore_layer3/evaluation/metrics.json
ood_subtype,jpeg_compression,patchcore_layer3,patchcore,resnet50,layer3,sensory_artifact,jpeg_compression,0.5979111111111112,0.5539325269244321,0.82,150,150,runs/patchcore_layer3/evaluation/metrics.json
ood_subtype,oct_screenshot,patchcore_layer3,patchcore,resnet50,layer3,modality_shift,oct_screenshot,0.9948,0.993549920072562,0.0133333333333333,150,150,runs/patchcore_layer3/evaluation/metrics.json
ood_subtype,rectangle_annotation,patchcore_layer3,patchcore,resnet50,layer3,sensory_artifact,rectangle_annotation,0.9929333333333332,0.9910144397913628,0.02,150,150,runs/patchcore_layer3/evaluation/metrics.json
ood_subtype,text_watermark,patchcore_layer3,patchcore,resnet50,layer3,sensory_artifact,text_watermark,0.9571777777777778,0.9467487372308432,0.2,150,150,runs/patchcore_layer3/evaluation/metrics.json
ood_subtype,arrow_annotation,patchcore_layer2_layer3,patchcore,resnet50,layer2+layer3,sensory_artifact,arrow_annotation,0.9994222222222222,0.9994062928258648,0.0066666666666666,150,150,runs/patchcore_layer2_layer3/evaluation/metrics.json
ood_subtype,blur_artifact,patchcore_layer2_layer3,patchcore,resnet50,layer2+layer3,sensory_artifact,blur_artifact,0.5531111111111111,0.5293518902618621,0.84,150,150,runs/patchcore_layer2_layer3/evaluation/metrics.json
ood_subtype,border_crop,patchcore_layer2_layer3,patchcore,resnet50,layer2+layer3,sensory_artifact,border_crop,0.8884,0.8945660289313083,0.5266666666666666,150,150,runs/patchcore_layer2_layer3/evaluation/metrics.json
ood_subtype,cifar10_natural,patchcore_layer2_layer3,patchcore,resnet50,layer2+layer3,semantic_outlier,cifar10_natural,0.9912,0.98991020560579,0.0266666666666666,150,150,runs/patchcore_layer2_layer3/evaluation/metrics.json
ood_subtype,colour_fundus,patchcore_layer2_layer3,patchcore,resnet50,layer2+layer3,modality_shift,colour_fundus,0.9837333333333332,0.972526679467023,0.0733333333333333,150,150,runs/patchcore_layer2_layer3/evaluation/metrics.json
ood_subtype,composite_layout,patchcore_layer2_layer3,patchcore,resnet50,layer2+layer3,sensory_artifact,composite_layout,1.0,1.0000000000000002,0.0,150,150,runs/patchcore_layer2_layer3/evaluation/metrics.json
ood_subtype,gaussian_noise,patchcore_layer2_layer3,patchcore,resnet50,layer2+layer3,sensory_artifact,gaussian_noise,0.6432444444444445,0.6495745096835372,0.8,150,150,runs/patchcore_layer2_layer3/evaluation/metrics.json
ood_subtype,jpeg_compression,patchcore_layer2_layer3,patchcore,resnet50,layer2+layer3,sensory_artifact,jpeg_compression,0.5755555555555556,0.5411425653022996,0.8666666666666667,150,150,runs/patchcore_layer2_layer3/evaluation/metrics.json
ood_subtype,oct_screenshot,patchcore_layer2_layer3,patchcore,resnet50,layer2+layer3,modality_shift,oct_screenshot,1.0,1.0000000000000002,0.0,150,150,runs/patchcore_layer2_layer3/evaluation/metrics.json
ood_subtype,rectangle_annotation,patchcore_layer2_layer3,patchcore,resnet50,layer2+layer3,sensory_artifact,rectangle_annotation,0.9998666666666666,0.999866662715874,0.0,150,150,runs/patchcore_layer2_layer3/evaluation/metrics.json
ood_subtype,text_watermark,patchcore_layer2_layer3,patchcore,resnet50,layer2+layer3,sensory_artifact,text_watermark,0.9593777777777778,0.9517018561599362,0.14,150,150,runs/patchcore_layer2_layer3/evaluation/metrics.json
ood_subtype,arrow_annotation,autoencoder_baseline,conv_autoencoder,,,sensory_artifact,arrow_annotation,1.0,1.0000000000000002,0.0,150,150,runs/autoencoder_baseline/evaluation/metrics.json
ood_subtype,blur_artifact,autoencoder_baseline,conv_autoencoder,,,sensory_artifact,blur_artifact,0.1115555555555555,0.325318262221688,1.0,150,150,runs/autoencoder_baseline/evaluation/metrics.json
ood_subtype,border_crop,autoencoder_baseline,conv_autoencoder,,,sensory_artifact,border_crop,0.4336,0.4549503430791127,0.96,150,150,runs/autoencoder_baseline/evaluation/metrics.json
ood_subtype,cifar10_natural,autoencoder_baseline,conv_autoencoder,,,semantic_outlier,cifar10_natural,0.9809333333333332,0.985359623519774,0.0866666666666666,150,150,runs/autoencoder_baseline/evaluation/metrics.json
ood_subtype,colour_fundus,autoencoder_baseline,conv_autoencoder,,,modality_shift,colour_fundus,1.0,1.0000000000000002,0.0,150,150,runs/autoencoder_baseline/evaluation/metrics.json
ood_subtype,composite_layout,autoencoder_baseline,conv_autoencoder,,,sensory_artifact,composite_layout,0.9931555555555556,0.9826888744276052,0.0133333333333333,150,150,runs/autoencoder_baseline/evaluation/metrics.json
ood_subtype,gaussian_noise,autoencoder_baseline,conv_autoencoder,,,sensory_artifact,gaussian_noise,0.8739555555555556,0.8621720399041729,0.5066666666666667,150,150,runs/autoencoder_baseline/evaluation/metrics.json
ood_subtype,jpeg_compression,autoencoder_baseline,conv_autoencoder,,,sensory_artifact,jpeg_compression,0.505688888888889,0.5137057370084033,0.96,150,150,runs/autoencoder_baseline/evaluation/metrics.json
ood_subtype,oct_screenshot,autoencoder_baseline,conv_autoencoder,,,modality_shift,oct_screenshot,0.9853777777777778,0.97783555638584,0.0266666666666666,150,150,runs/autoencoder_baseline/evaluation/metrics.json
ood_subtype,rectangle_annotation,autoencoder_baseline,conv_autoencoder,,,sensory_artifact,rectangle_annotation,1.0,1.0000000000000002,0.0,150,150,runs/autoencoder_baseline/evaluation/metrics.json
ood_subtype,text_watermark,autoencoder_baseline,conv_autoencoder,,,sensory_artifact,text_watermark,0.5294666666666666,0.5292201814878171,0.9066666666666666,150,150,runs/autoencoder_baseline/evaluation/metrics.json
